Accuracy,Precision,Recall,F1-Score,ROC AUC,Specificity,Kappa,MCC,Confusion Matrix
0.9838241641022762,0.9833991818467885,0.984349079913486,0.9838739016063133,0.9992007741740647,0.9832965115460929,0.9676480280316168,0.9676484818118386,"[[139752,  2374],
 [  2236,140631]]"
