Accuracy,Precision,Recall,F1-Score,ROC AUC,Specificity,Kappa,MCC,Confusion Matrix
0.9939472197562748,0.9891320922108707,0.998901075825768,0.9939925821449094,0.9998906635114579,0.9889675358484725,0.9878940459944936,0.9879424839919866,"[[140558,  1568],
 [   157,142710]]"
