Accuracy,Precision,Recall,F1-Score,ROC AUC,Specificity,Kappa,MCC,Confusion Matrix
0.9903260781843765,0.9857846196518966,0.9950513414574395,0.9903963048241412,0.9996120207442256,0.9855761788835259,0.9806515514318567,0.9806951110884863,"[[140076,  2050],
 [   707,142160]]"
