Accuracy,Precision,Recall,F1-Score,ROC AUC,Specificity,Kappa,MCC,Confusion Matrix
0.9916980417062875,0.998899233724638,0.9845240678393191,0.9916595576674962,0.9995385484943903,0.9989094184033885,0.9833965940419104,0.983498965202795,"[[141971,   155],
 [  2211,140656]]"
