Accuracy,Precision,Recall,F1-Score,ROC AUC,Specificity,Kappa,MCC,Confusion Matrix
0.9780977076629952,0.9842282473861421,0.9718829400771347,0.9780166372005551,0.9984139265098391,0.9843448770809,0.9561965514741894,0.9562721674878433,"[[139901,  2225],
 [  4017,138850]]"
