Accuracy,Precision,Recall,F1-Score,ROC AUC,Specificity,Kappa,MCC,Confusion Matrix
0.9782696417104981,0.9858932609035708,0.9705390328067364,0.9781558962854795,0.9984242552126068,0.9860405555633733,0.9565407540016304,0.9566573745676709,"[[140142,  1984],
 [  4209,138658]]"
