Accuracy,Precision,Recall,F1-Score,ROC AUC,Specificity,Kappa,MCC,Confusion Matrix
0.9833223973922166,0.9912571493611815,0.9753337019745637,0.9832309597479528,0.9991837615643905,0.9913527433404162,0.9666459660249833,0.9667713518452931,"[[140897,  1229],
 [  3524,139343]]"
