Accuracy,Precision,Recall,F1-Score,ROC AUC,Specificity,Kappa,MCC,Confusion Matrix
0.9969437845841828,0.9949458332752394,0.9989780705131346,0.9969578747734124,0.9996414875801867,0.9948988925319787,0.9938874632682902,0.9938956682265497,"[[141401,   725],
 [   146,142721]]"
