Accuracy,Precision,Recall,F1-Score,ROC AUC,Specificity,Kappa,MCC,Confusion Matrix
0.9810100598962079,0.9841908371670318,0.9778255300384273,0.9809978582212703,0.9988996563066145,0.9842111928851864,0.9620205033641954,0.9620407286563472,"[[139882,  2244],
 [  3168,139699]]"
